Log ID,Timestamp (Start),Timestamp (End),Event Type (Normal Operation),System Version,Input Data Reference/Hash,Output Hash
8aa0a327-c68b-45f2-89e0-196ee7ecf4ed,2026-01-25 16:37:55.306609,2026-01-25 16:37:55.407600,Normal Operation,test-1.0.0,1d9fa4186aa682f25e2b8d3cde52d1c440fcb53815c11017a0c0e0ca5f3b0168,e6e383e65dabb3ed7c623557f7967ed8edd1c4e4afc09828f97c8ef3d794e65f
4e619dae-e36f-4480-90a0-de6c42672f7c,2026-01-25 16:37:55.411270,2026-01-25 16:37:55.411270,Normal Operation,decorator-test,29e4f9e98ac98e73c26a2144ad64cf67afb3571ca02ff4fdf82f1d9d6269ea09,57f63eab42faea0b67191cfa2c8b14085ec558b8eb7f6adc115d94ebb6631784
f026da28-59a4-42b1-8162-1450bd62497b,2026-01-25 16:37:55.411822,2026-01-25 16:37:55.411822,Normal Operation,consolidation-test,9f86d081884c7d659a2feaa0c55ad015a3bf4f1b2b0b822cd15d6c15b0f00a08,9f86d081884c7d659a2feaa0c55ad015a3bf4f1b2b0b822cd15d6c15b0f00a08
1aebaadb-07d0-4a95-9d8f-b9860ab0ecdd,2026-01-25 16:41:41.001154,2026-01-25 16:41:41.102657,Normal Operation,test-1.0.0,1d9fa4186aa682f25e2b8d3cde52d1c440fcb53815c11017a0c0e0ca5f3b0168,e6e383e65dabb3ed7c623557f7967ed8edd1c4e4afc09828f97c8ef3d794e65f
dc779cac-0356-4657-9a14-7a3e566bb435,2026-01-25 16:41:41.104673,2026-01-25 16:41:41.104673,Normal Operation,decorator-test,29e4f9e98ac98e73c26a2144ad64cf67afb3571ca02ff4fdf82f1d9d6269ea09,57f63eab42faea0b67191cfa2c8b14085ec558b8eb7f6adc115d94ebb6631784
98ad3a4d-41b4-494b-ac7d-b62a3ec6fe37,2026-01-25 16:41:41.104673,2026-01-25 16:41:41.104673,Normal Operation,consolidation-test,9f86d081884c7d659a2feaa0c55ad015a3bf4f1b2b0b822cd15d6c15b0f00a08,9f86d081884c7d659a2feaa0c55ad015a3bf4f1b2b0b822cd15d6c15b0f00a08
2db6cd88-d414-4866-8b0d-176755c24fd8,2026-01-25 16:48:23.208664,2026-01-25 16:48:23.708664,Normal Operation,1.0.0-demo,4e37503ebf90d01c0a9b4b8e61d5972cad55951dc6640fcc544b717bf703ec09,4f1f786121ee4fe33caf1812a0d1a350689b2a8371b16c0cd8ac38fcdf5c2808
019a369c-e938-4757-be10-a8e74c78e2e1,2026-01-25 16:48:23.209186,2026-01-25 16:48:23.709186,Normal Operation,1.0.0-demo,863711098ee324c8aec7c659de8f72924bcfe8fb71cc7b3995a651c52f715dd4,679ee5e7532d84c6dcb845a1025dc98f5129131077c560ed236dd647647c0e4a
43599ea1-0cf5-4cde-a276-38c5945a6b8a,2026-01-25 16:48:23.209186,2026-01-25 16:48:23.709186,Normal Operation,1.0.0-demo,1e1ed16a9496daeed2320fe3eea88590023a7acad619fc082e96d6c6c08daf32,9ad09b8e381564b9e72dd88a30a82a82dc4f39fb55d1e8bae41dab1bc8f9688e
dcb69f2f-3847-4575-a53c-1dae2a842fdd,2026-01-25 16:48:23.209738,2026-01-25 16:48:23.709738,Normal Operation,1.0.0-demo,67c43fadcdb90a5a90db660c805dcc67f97330ef4c3d87387bee88977898c7d7,39bd8d494d8df83b6174fa6354756817cf893b9ad31ad8f1c0c6d6fa6dce6f56
b4edf883-1850-4a4f-8da6-3a01d24b5f8d,2026-01-25 16:48:23.209738,2026-01-25 16:48:23.709738,Normal Operation,1.0.0-demo,0017954f2601b0fcd65dd9b535f2fedc930c817690a8ae22da1068370d040b4c,2ae10c33a12353be43fa30b88e56fc7e0c0a25705b382b88b3d625370c38710f
8e3950a0-c94c-4a7f-a819-90b8e6eee45f,2026-01-25 16:55:24.836690,2026-01-25 16:55:25.336690,Normal Operation,1.0.0-demo,4e37503ebf90d01c0a9b4b8e61d5972cad55951dc6640fcc544b717bf703ec09,4f1f786121ee4fe33caf1812a0d1a350689b2a8371b16c0cd8ac38fcdf5c2808
ed4439af-6351-4bfb-89d0-dcdc930565e9,2026-01-25 16:55:24.838299,2026-01-25 16:55:25.338299,Normal Operation,1.0.0-demo,863711098ee324c8aec7c659de8f72924bcfe8fb71cc7b3995a651c52f715dd4,679ee5e7532d84c6dcb845a1025dc98f5129131077c560ed236dd647647c0e4a
05577fde-0932-43da-902b-5f9647d2064f,2026-01-25 16:55:24.838299,2026-01-25 16:55:25.338299,Normal Operation,1.0.0-demo,1e1ed16a9496daeed2320fe3eea88590023a7acad619fc082e96d6c6c08daf32,9ad09b8e381564b9e72dd88a30a82a82dc4f39fb55d1e8bae41dab1bc8f9688e
cebd5350-9fc6-4567-9b1a-87cc690ca069,2026-01-25 16:55:24.838299,2026-01-25 16:55:25.338299,Normal Operation,1.0.0-demo,67c43fadcdb90a5a90db660c805dcc67f97330ef4c3d87387bee88977898c7d7,39bd8d494d8df83b6174fa6354756817cf893b9ad31ad8f1c0c6d6fa6dce6f56
46a7d0db-6dc7-4705-87c2-21e9a7033517,2026-01-25 16:55:24.838299,2026-01-25 16:55:25.338299,Normal Operation,1.0.0-demo,0017954f2601b0fcd65dd9b535f2fedc930c817690a8ae22da1068370d040b4c,2ae10c33a12353be43fa30b88e56fc7e0c0a25705b382b88b3d625370c38710f
